[ {
  "name" : "description",
  "sourceFieldname" : "description",
  "description" : "description",
  "dataType" : "string",
  "hasIndex" : false,
  "unique" : false,
  "primarykey" : false,
  "namefield" : false,
  "nullable" : true,
  "custom" : false,
  "createable" : true,
  "updateable" : true,
  "audit" : false,
  "customizable" : false,
  "fieldProperties" : {
    "autoGenerated" : "false"
  }
}, {
  "name" : "key",
  "sourceFieldname" : "key",
  "description" : "key",
  "dataType" : "string",
  "hasIndex" : false,
  "unique" : false,
  "primarykey" : false,
  "namefield" : false,
  "nullable" : true,
  "custom" : false,
  "createable" : true,
  "updateable" : true,
  "audit" : false,
  "customizable" : false,
  "fieldProperties" : {
    "autoGenerated" : "false"
  }
}, {
  "name" : "place_id",
  "sourceFieldname" : "place_id",
  "description" : "place_id",
  "dataType" : "string",
  "hasIndex" : false,
  "unique" : false,
  "primarykey" : false,
  "namefield" : false,
  "nullable" : true,
  "custom" : false,
  "createable" : true,
  "updateable" : true,
  "audit" : false,
  "customizable" : false,
  "fieldProperties" : {
    "autoGenerated" : "false"
  }
}, {
  "name" : "searchText",
  "sourceFieldname" : "searchText",
  "description" : "searchText",
  "dataType" : "string",
  "hasIndex" : false,
  "unique" : false,
  "primarykey" : false,
  "namefield" : false,
  "nullable" : true,
  "custom" : false,
  "createable" : true,
  "updateable" : true,
  "audit" : false,
  "customizable" : false,
  "fieldProperties" : {
    "autoGenerated" : "false"
  }
} ]