{
  "operationConfig" : {
    "name" : "getNearbyUsingCoordinates9279",
    "type" : "MappedToBackend",
    "cachable" : false,
    "smsEnabled" : false,
    "security" : "public",
    "responseEncoding" : "UTF-8",
    "httpMethod" : "GET",
    "decodeResponseBody" : false,
    "odata" : [ {
      "id" : "$select",
      "dataType" : "string",
      "encode" : true,
      "accessType" : "readonly"
    }, {
      "id" : "$filter",
      "dataType" : "string",
      "encode" : true,
      "accessType" : "readonly"
    }, {
      "id" : "$orderby",
      "dataType" : "string",
      "encode" : true,
      "accessType" : "readonly"
    }, {
      "id" : "$top",
      "dataType" : "string",
      "encode" : true,
      "accessType" : "readonly"
    }, {
      "id" : "$skip",
      "dataType" : "string",
      "encode" : true,
      "accessType" : "readonly"
    }, {
      "id" : "$expand",
      "dataType" : "string",
      "encode" : true,
      "accessType" : "readonly"
    }, {
      "id" : "$batchsize",
      "dataType" : "string",
      "encode" : true,
      "accessType" : "readonly"
    }, {
      "id" : "$batchid",
      "dataType" : "string",
      "encode" : true,
      "accessType" : "readonly"
    } ],
    "oMapping" : "<?xml version=\"1.0\" encoding=\"UTF-8\" standalone=\"yes\"?><mapper xmlns=\"http://www.kony.com/ns/mapper\">                        <map inputpath=\"response_in\" outputpath=\"response_out\">                                               <map inputpath=\"FinalResult\" outputpath=\"SearchNearbyUsingCoordinates\">                                                                        <set-param inputpath=\"formatted_address\" outputpath=\"formatted_address\"/>                                                                        <set-param inputpath=\"Phone\" outputpath=\"Phone\"/>                                                                        <set-param inputpath=\"Rating\" outputpath=\"Rating\"/>                                                                        <set-param inputpath=\"Photos\" outputpath=\"Photos\"/>                                                                        <set-param inputpath=\"Vicinity\" outputpath=\"Vicinity\"/>                                                                        <set-param inputpath=\"PlaceID\" outputpath=\"PlaceID\"/>                                                                        <set-param inputpath=\"Geometry\" outputpath=\"Geometry\"/>                                                                        <set-param inputpath=\"Name\" outputpath=\"Name\"/>                                            <set-param inputpath=\"PhotoReference\" outputpath=\"PhotoReference\"/>                                          <set-param inputpath=\"Latitude\" outputpath=\"Latitude\"/>                                          <set-param inputpath=\"Longitude\" outputpath=\"Longitude\"/>                                          <set-param inputpath=\"OpenNow\" outputpath=\"OpenNow\"/>        <set-param inputpath=\"ImageURL\" outputpath=\"ImageURL\"/>    </map>                        </map></mapper>",
    "applyCommonMapping" : false,
    "backendMeta" : {
      "operationName" : "getNearbyUsingCoordinates",
      "serviceVersion" : "1.0",
      "serviceName" : "NearbyUsingCoordinates"
    },
    "relationshipHierarchyMapping" : {
      "selected" : true,
      "name" : "SearchNearbyUsingCoordinates",
      "children" : [ ]
    },
    "requestXmlMappingOverride" : false,
    "responseXmlMappingOverride" : false
  }
}