[ {
  "name" : "key",
  "sourceFieldname" : "key",
  "description" : "key",
  "dataType" : "string",
  "hasIndex" : false,
  "unique" : false,
  "primarykey" : false,
  "namefield" : false,
  "nullable" : true,
  "custom" : false,
  "createable" : true,
  "updateable" : true,
  "audit" : false,
  "customizable" : false,
  "fieldProperties" : {
    "autoGenerated" : "false"
  }
}, {
  "name" : "lat",
  "sourceFieldname" : "lat",
  "description" : "lat",
  "dataType" : "string",
  "hasIndex" : false,
  "unique" : false,
  "primarykey" : false,
  "namefield" : false,
  "nullable" : true,
  "custom" : false,
  "createable" : true,
  "updateable" : true,
  "audit" : false,
  "customizable" : false,
  "fieldProperties" : {
    "autoGenerated" : "false"
  }
}, {
  "name" : "lng",
  "sourceFieldname" : "lng",
  "description" : "lng",
  "dataType" : "string",
  "hasIndex" : false,
  "unique" : false,
  "primarykey" : false,
  "namefield" : false,
  "nullable" : true,
  "custom" : false,
  "createable" : true,
  "updateable" : true,
  "audit" : false,
  "customizable" : false,
  "fieldProperties" : {
    "autoGenerated" : "false"
  }
}, {
  "name" : "placeID",
  "sourceFieldname" : "placeID",
  "description" : "placeID",
  "dataType" : "string",
  "hasIndex" : false,
  "unique" : false,
  "primarykey" : false,
  "namefield" : false,
  "nullable" : true,
  "custom" : false,
  "createable" : true,
  "updateable" : true,
  "audit" : false,
  "customizable" : false,
  "fieldProperties" : {
    "autoGenerated" : "false"
  }
} ]