<?xml version="1.0" encoding="UTF-8" standalone="yes"?>
<service serviceGroup="" cachable="false" cacheduration="" endpoint="default" groupType="" id="searchNearBy" passwordencrypted="false" security="public" type="jsonConnector" smscode="" smsenabled="false">
    <service-config>
        <config-param api-version="" appid="" name="preprocessorname" value=""/>
        <config-param api-version="" appid="" name="postprocessorname" value="SearchNearbyOrchestrationPostProcessor"/>
        <config-param api-version="" appid="" name="preprocessorJS" value=""/>
        <config-param api-version="" appid="" name="postprocessorJS" value=""/>
        <config-param api-version="" appid="" name="endpointUrl" value="https://maps.googleapis.com/maps/api/place/nearbysearch/json?location=$location&amp;radius=$radius&amp;language=en&amp;type=$type&amp;key=$key"/>
        <config-param api-version="" appid="" name="ignorehttpproxy" value="true"/>
        <config-param api-version="" appid="" name="http.method" value="GET"/>
        <config-param api-version="" appid="" name="dataObjectName" value=""/>
        <config-param api-version="" appid="" name="sockettimeout" value=""/>
        <config-param api-version="" appid="" name="responseEncoding" value="UTF-8"/>
        <config-param api-version="" appid="" name="isembedxmlpresent" value="false"/>
        <config-param api-version="" appid="" name="retrycount" value="0"/>
    </service-config>
    <service-input passthrough="false">
        <header datatype="" name="" passthrough="false"/>
        <param datatype="string" defaultvalue="17.4474,78.3762" description="" encode="true" format="None" formatvalue="" name="location" order="" passnull="false" sms-name="" src="request" sourcevalue="" srcformatvalue="" target="request" targetdatatype="java.lang.String" testvalue="17.4474,78.3762" value="17.4474,78.3762">
            <accessType></accessType>
        </param>
        <param datatype="string" defaultvalue="6000" description="" encode="true" format="None" formatvalue="" name="radius" order="" passnull="false" sms-name="" src="request" sourcevalue="" srcformatvalue="" target="request" targetdatatype="java.lang.String" testvalue="6000" value="6000">
            <accessType></accessType>
        </param>
        <param datatype="string" defaultvalue="cafe" description="" encode="true" format="None" formatvalue="" name="type" order="" passnull="false" sms-name="" src="request" sourcevalue="" srcformatvalue="" target="request" targetdatatype="java.lang.String" testvalue="cafe" value="cafe">
            <accessType></accessType>
        </param>
        <param datatype="string" defaultvalue="" description="" encode="true" format="None" formatvalue="" name="key" order="" passnull="false" sms-name="" src="request" sourcevalue="" srcformatvalue="" target="request" targetdatatype="java.lang.String" testvalue="" value="">
            <accessType></accessType>
        </param>
    </service-input>
    <service-output passthrough="false">
        <dataset id="Result" order="" src="//results">
            <param datatype="string" defaultvalue="" description="" encode="true" format="None" formatvalue="" name="Name" order="" passnull="false" sms-name="" src="name" sourcevalue="" srcformatvalue="" target="session" targetdatatype="java.lang.String" testvalue="" value="">
                <accessType></accessType>
            </param>
            <param datatype="string" defaultvalue="" description="" encode="true" format="None" formatvalue="" name="Rating" order="" passnull="false" sms-name="" src="rating" sourcevalue="" srcformatvalue="" target="session" targetdatatype="java.lang.String" testvalue="" value="">
                <accessType></accessType>
            </param>
            <param datatype="string" defaultvalue="" description="" encode="true" format="None" formatvalue="" name="Vicinity" order="" passnull="false" sms-name="" src="vicinity" sourcevalue="" srcformatvalue="" target="session" targetdatatype="java.lang.String" testvalue="" value="">
                <accessType></accessType>
            </param>
            <param datatype="string" defaultvalue="" description="" encode="true" format="None" formatvalue="" name="PlaceID" order="" passnull="false" sms-name="" src="place_id" sourcevalue="" srcformatvalue="" target="session" targetdatatype="java.lang.String" testvalue="" value="">
                <accessType></accessType>
            </param>
            <param datatype="string" defaultvalue="" description="" encode="true" format="None" formatvalue="" name="OpenNow" order="" passnull="false" sms-name="" src="opening_hours//open_now" sourcevalue="" srcformatvalue="" target="response" targetdatatype="java.lang.String" testvalue="" value="">
                <accessType></accessType>
            </param>
            <param datatype="string" defaultvalue="" description="" encode="true" format="None" formatvalue="" name="PhotoReference" order="" passnull="false" sms-name="" src="photos//photo_reference" sourcevalue="" srcformatvalue="" target="session" targetdatatype="java.lang.String" testvalue="" value="">
                <accessType></accessType>
            </param>
            <param datatype="string" defaultvalue="" description="" encode="true" format="None" formatvalue="" name="Latitude" order="" passnull="false" sms-name="" src="geometry//location//lat" sourcevalue="" srcformatvalue="" target="session" targetdatatype="java.lang.String" testvalue="" value="">
                <accessType></accessType>
            </param>
            <param datatype="string" defaultvalue="" description="" encode="true" format="None" formatvalue="" name="Longitude" order="" passnull="false" sms-name="" src="geometry//location//lng" sourcevalue="" srcformatvalue="" target="session" targetdatatype="java.lang.String" testvalue="" value="">
                <accessType></accessType>
            </param>
            <param datatype="string" defaultvalue="" description="" encode="true" format="None" formatvalue="" name="ImageURL" order="" passnull="false" sms-name="" src="ImageURL" sourcevalue="" srcformatvalue="" target="session" targetdatatype="java.lang.String" testvalue="" value="">
                <accessType></accessType>
            </param>
        </dataset>
    </service-output>
</service>
